<?xml version="1.0" encoding="UTF-8" standalone="yes"?>
<manifest>
  <control namespace="TwoOptionBooleanButton" constructor="TwoOptionBooleanButton" version="0.0.2" display-name-key="TwoOptionBooleanButton" description-key="TwoOptionBooleanButton description" control-type="standard" api-version="1.2.3">
    <property name="TwoOptionSetAttribute" display-name-key="TwoOptionSet Attribute" description-key="TwoOptionSet Attribute" of-type="TwoOptions" usage="bound" required="true"/>
    <resources>
      <code path="bundle.js" order="1"/>
      <css path="css/TwoOptionButton.css" order="1"/>
    </resources>
    <built-by name="pac" version="1.3.6"/>
  </control>
</manifest>